,keyword
0,differential equations
1,water tank
2,partial derivative
3,two-dimensional
5,vector linear transformation matrix
6,trigonometric equation
7,normal distribution
8,inverse function
9,"antiderivatives"""
10,down payment
11,logistic model
12,pythagorean theorem
13,divergent
14,alternating
15,bivariate random variable
16,sample inequalities interval
17,rise
18,empty set
19,solve linear equation
20,polynomial equations
21,truth table
22,integral trig functions
23,exponential
24,manhattan distance
25,optimization problems
26,gausss law
27,solution
28,vector
29,population frequency
30,standard deviation
31,linear transformation matrix image
32,derivative implicit
33,annuity immediate
34,standard position
35,difference quotients
36,force
37,aritmetic sequences
38,partial sums
39,formulas for lowering powers
40,consistent
41,rational root theorem
42,estimates
43,approximation
44,integral double multivariable
45,nonhomogeneous
46,sagelet
47,long-run
48,even
49,errors
50,riemann sum
51,derivative vector function
52,reasoning
53,differential function
54,differential equation first order matrices application
55,path-independent vector fields
56,new
57,increasing
58,implicit differentiation
59,coefficient
60,trigonometric functions of angles
61,effective annual interest rate
62,divergence
63,error
64,series taylor find sum
65,cross product area
66,path
67,analytic trigonometry
68,logarithmic
69,differential equation linear separable
70,study
71,constant coefficients
72,loop
73,vector polynomial
74,characteristic polynomial
75,prolog
76,continuous compounding
77,line integral
78,diameter
79,equivalence
80,projection
81,differential equation system
82,other bonds
83,magic square
84,recursively defined functions
85,pyramid
86,removable discontinuity
87,unit
88,derivatives
89,linear system of equations
90,tail
91,vector directional derivative
92,midpoints
93,fractions
94,volumes by cross-sections
95,ohms law
96,curvature
97,integrals riemann sums
98,midpoint rule
99,geometric sequences
100,vector multivariable flux integral
101,quartic
102,work
103,second derivatives
104,concepts
105,factorials
106,root
107,vertical shift
108,derivative implicit tangent
109,fibonacci
110,application of linear equations
111,absolute
112,hypocycloid
113,absolute maximum minimum distance
114,binary numbers
115,power function
116,between curves
117,ladder
118,projectile
119,absolute value inequality
120,list of points
121,trig integral
122,divergence theorem
123,numerical integration
124,effective annual rate
125,parallel
126,rates of change
127,stokes double integral vector
128,total distance
129,properties of logs
130,hypotheses
131,prealgebra
132,rational number
133,decreasing
134,order
135,marginal profit
136,operations
137,dijkstra
138,series sequences convergence
139,derivative limit velocity
140,increasing payments
141,asymptotes
142,zero divisors
143,directional
144,function graph domain range application
145,curve in space
146,writing
147,complex
148,function graph equation
149,least squares
150,average rates of change
151,combination
152,octal
153,orthogonal trajectories
154,quotient rule
155,tangent plane directional derivative
156,differential equation first order matrices
157,eigenvalue
158,one-to-one
159,tangent slope family of curves
160,improper integrals
161,rational function
162,normal line
163,second derivative
164,mean
165,curve arc length intersection
166,telescope
167,series
168,power set
169,displacement
170,reducing fractions
171,gradient
172,pair of lines
173,linear systems
174,linear
175,midpoint
176,standard
177,iterated integrals
178,estimate
179,vectors basis span matrix
180,derivative differentiation matrix
181,derivative related rates function
182,composition of permutations
183,distance plane
184,arccos
185,p value
186,one to one function
187,separable
188,matrices determinants
189,total change
190,cylindrical shells
191,differential equation newton
192,horizontal asymptote
193,rank
194,geogebra
195,wronskian
196,relations
197,vector space
198,hedging
199,local maximum
200,line integrals
201,indeterminate
202,centripetal
203,oblique asymptotes
204,zeros
205,differential equation fundamental theorem uniqueness
206,percentage
207,legs
208,complex fractions
209,analytic geometry
210,ceiling
211,definition of function
212,series sequences summation
213,distance
214,taylor series
215,polynomial intercept limit
216,tree
217,custom answer checker
218,collinear
219,fundamental theorem
220,law of cosines
221,vector linear transformation function one-to-one
222,remainder theorem
223,powers
224,vectors matrix relation span
225,non-linear system
226,piecewise functions
227,torque
228,equation defining a function
229,vectors basis linearly independent dependent
230,integral vector
231,first-order
232,natural exponential function
233,systems of linear equations
234,absolutely ## convergent
235,power rule
236,simplifying rational expression
237,gausss theorem
238,algebra matrix matrices inverse
239,vector double integral multivariable flux divergence
240,circles
241,vector linear transformation function onto
242,path-dependent vector fields
243,quadratic algebra extreme value theorem domain range
244,denominator
245,polyniomials
246,simplify
247,polynomial extreme value limit
248,quantitative
249,rule of thumb
250,domain and range using inequalities
251,spherical coordinates
252,absolute value
253,factor theorem
254,observation
255,vector span
256,partition
257,annual growth rate
258,points
259,absolute maximum/minimum
260,first derivative
261,average rate of change
262,left
263,sum
264,quadratic formula
265,critical numbers
266,angular velocity
267,graph of logarithms
268,linear system solutions consistent
269,sage
270,solutions
271,spanning tree
272,surface of revolution
273,parametric equation tangent
274,substitsution
275,indefinite integral
276,divisibility
277,ellipsoid
278,horizontal lines
279,matching question
280,natural logarithm
281,farenheit
282,30-60-90
283,polar curves conics
284,affine cipher
285,intersect
286,frequency distribution
287,dd
288,fluid
289,flow line
290,limit at infinity
291,method of undetermined coefficients
292,symmetries
293,vector line integral multivariable mass
294,poisson distribution
295,fields
296,arclength
297,between curve
298,implication
299,converge series
300,three-phase
301,reference
302,double integral volume
303,run time
304,radius
305,matrix augmented pivots
306,vector intersection plane
307,differential equation solution constant
308,exponent
309,integral radius application
310,categorical data
311,symmetric
312,riemann integral
313,algebra rational functions
314,"analytic"""
315,terms
316,sum-to-product
317,first derivative test
318,multiple choice question
319,modeling
320,s-curve
321,graphical methods
322,cos
323,integral substitution trig
324,initial value problem
325,answer is an inequality
326,unit vectors
327,linear transformations
328,change in variable
329,logic
330,variance
331,integrals theory
332,vector field
333,power functions
334,polynomial
335,definite integrals
336,basis
337,union
338,interest
339,logarithmic functions
340,areas between curves
341,graphical
342,integral polar
343,cotangent
344,vector line integral multivariable
345,quotient rings
346,mathematics for business
347,joint distribution
348,maximal ideals
349,curve vector function
350,rational expressions
351,quadrants
352,exponential distribution
353,vector function curve
354,matrix determinant independent
355,factorizations
356,dot product
357,simpson rule
358,cylinder
359,economics
360,vector integral derivative
361,inner product orthogonal projection
362,vertical asymptote
363,sinking funds
364,random sampling
365,shape of graph
366,gompertz
367,recursion
368,cumulative
369,concavity
370,double angle
371,zeros of functions
372,gram schmidt
373,independent
374,interval of convergence
375,directional gradient contour lines
376,numerical
377,monotonic
378,function maximum extreme value
379,vectors line
380,repeating decimal
381,exponents review
382,cartesian coordinates
383,triple integral
384,subspaces
385,fundamental theorem of calculus integral
386,fourier
387,integral greens double integral ellipse
388,integral domains
389,confidence intervals
390,options
391,sum of squares
392,function graph domain range applications velocity
393,function equation
394,the law of cosines
395,maxima
396,differential function approximate
397,true
398,newton
399,power expressions
400,topography
401,trigonometric limits
402,hyperbolic functions
403,inclusion-exclusion
404,hazard rate
405,adding
406,sample size
407,cumulative distribution function
408,vector acceleration trajectory velocity
409,answers can be entered in any order
410,spread
411,coordinate vector
412,improper integral
413,combining function
414,slope tangent line tangent
415,min/max
416,polynomial rings
417,source transformation
418,disk method
419,group tables
420,mechanical vibrations
421,exponential growth population
422,graphs of exponential functions
423,old
424,statistic
425,loan balance
426,directly proportional
427,equations and inequalities
428,multi-variable
429,inflection point
430,classical
431,fitting exponential date
432,minimization
433,kruskal
434,level curve
435,logarithmic equation
436,integral double multivariable volume
437,binomial
438,shifting
439,scientific notation review
440,simply connected
441,function graph domain range
442,initial-value problem
443,stokes
444,2 samples
445,simplifying powers
446,numerator
447,loop analysis
448,experimental data
449,confidence interval
450,connected
451,derivative parametric vector
452,order of groups
453,trig functions
454,modular arithmetic
455,relatively prime
456,right
457,vectors linear combination
458,exponential versus linear
459,compression
460,growth factor
461,vcvs
462,setting up double integrals
463,initial
464,geometric sequence
465,approximate
466,fraction
467,absolute maximum minimum constraint
468,minimum/maximum
469,differential equation second order linear nonhomogeneous
470,tangent line
471,linear differential equation
472,lhospitals rule
473,differences
474,grouping
475,concavity and points of inflection
476,difference quotient
477,cylinders
478,fundamental theorem for line integrals
479,maximum
480,equivalence relations
481,simplifying
482,right endpoints
483,flux integrals
484,hookes law position overdampening
485,trigonometry
486,rejection region
487,random variables
488,inclusive
489,trig
490,unit circle
491,convergent
492,data fitting
493,coordinate sphere
494,triangles
495,floor
496,tip
497,answer is a string or other data type
498,coordinate distance
499,domain of function
500,differential equation application
501,ones complement
502,binomial series
503,superposition
504,multiplicative principle
505,models
506,f-test
507,kvl
508,separable equations
509,solids of revolution
510,scale
511,variable
512,stoke
513,gradient derivative
514,unit rate
515,annuity
516,celsuis
517,complex power
518,second derivative test
519,optimization maximum minimum
520,logarithms
521,chain
522,dynamic graph with shading
523,global
524,focus
525,mile
526,graphing
527,hyperboloid
528,circulation integral
529,burnside
530,inverse
531,critical points
532,graph
533,recurrence
534,charge
535,business and economics
536,division
537,predicate
538,scientific notation
539,orthogonal
540,radical equation
541,second order linear ode
542,graphing a surface in space
543,integrtation
544,expeonential function
545,metric system
546,straight lines
547,system of equations
548,increasing/decreasing
549,riemann
550,dynamic graph
551,level
552,law of sines
553,linear approximation linearization
554,skewed
555,vector divergence multivariable curl
556,discrete
557,trochoid
558,inscribed
559,div
560,loan amount
561,revolution
562,three-dimensional
563,quantifiers
564,maclaurin
565,maximization
566,graphing calculator
567,transformation of function
568,cost
569,differential equation higher order third order
570,absolutely ##convergent
571,convervative
572,differential equation first order model
573,integrals riemann sum
574,absolute maximum volume
575,uniform
576,current
577,product rule
578,template
579,logarithmic differentiation
580,differential equation exact
581,containment
582,binomial expansion
583,curve length
584,water
585,tangent
586,system of linear equations
587,operations with signed numbers
588,box
589,vectors
590,spheres
591,poisson
592,lagrange multiplier
593,resonance
594,integrals trigonometry
595,elementery matrix
596,limit comparison test
597,inference
598,caeser cipher
599,substitution
600,average value application
601,single node-pair circuits
602,complex number
603,integral summation limit
604,arithmetic progression
605,time value of money
606,two samples
607,function composition word problem
608,quotient groups
609,vector field graph 3d
610,area of surface
611,helix
612,work spring
613,parametrize surface
614,nullity
615,horizontal shift
616,hyperbolas
617,initial condition
618,cardinality
619,common logarithm
620,logarithm
621,partial sum
622,coterminal
623,half-life
624,arc length
625,foci
626,differential equation application population gompertz
627,iframe
628,differential equation application exponential growth logistic
629,critical point maximum minimum
630,figure
631,permutations
632,linear equation
633,series sequences
634,differentiation function
635,sample
636,polynomials rings
637,large sample
638,counting
639,fractional exponents
640,bonds
641,multpile regression
642,matrix multiple choice
643,"""lhopitals rule"""
644,parameter
645,integral double multivariable extrema
646,product
647,burnsides theorem
648,solutions free variables
649,applications
650,mulitvariable
651,loan comparison
652,data
653,lifting
654,binomial trees
655,first order differential equation
656,ss
657,mixing problem
658,differential equation linear
659,idempotent elements
660,sigma
661,quadrant
662,euler circuit
663,expression
664,average value of a function
665,dot product inner product
666,definitions
667,basic couting
668,gauss double integral
669,experiments
670,differential calculus
671,lhopital
672,flow lines
673,coordinates
674,function graph domain range applications profit
675,matrix inverse
676,linear congruences
677,center measures
678,arithmetic sequences
679,mixed fractions
680,integral match
681,sigma notation
682,finance
683,vector integral multivariable mass
684,root test
685,fuzzy
686,isomorphic
687,scaling
688,hamilton
689,3d graph
690,solution of differential equation
691,"""vector"
692,z-score
693,nor
694,differentiable function
695,equality
696,set theory
697,orthonormal
698,derivatives limits rates of changes
699,compounded annually
700,domain
701,simplifying equations
702,elementary matrix
703,radical expression
704,integral partial fraction
705,dollar weighted rate of return
706,level surface
707,answer is an equation for a plane
708,orbit-stabilizer theorem
709,algebra linear equations matrix matrices
710,container
711,factors
712,rounding
713,differential equation application temperature
714,separable differential equation word problem
715,parallelogram
716,ellipse
717,increase
718,nominal
719,rational
720,directional gradient
721,dominate
722,function inverse
723,related rates
724,inference about a population
725,asymptote
726,theory
727,areas and lengths in polar coordinates
728,conic section
729,quadratic functions
730,orbits
731,vector line parametric
732,area and distance
733,bayes
734,chain rule differentiation
735,remainder
736,monthly payment
737,eulers theorem
738,temperature conversion
739,programming
740,motion
741,combinatorics
742,vector multivariable surface heat flow
743,cartesian equations
744,limit vector
745,symmetry
746,revenue
747,gradient directional derivative
748,nested
749,story question
750,trigonometric function graph
751,open
752,angular
753,size
754,left endpoints
755,algebraic fraction answer
756,vector linear combination span
757,common multiple
758,expanded polynomial
759,vector operations
760,independant
761,normal subgroups
762,rational inequality
763,continuous
764,inverse hyperbolic
765,reference angle
766,series geometric
767,differential equation stability
768,limit laws
769,population
770,numerical calculation
771,solid of revolution
772,end point solution
773,comparison properties
774,work chain cable lifting
775,word problem
776,solution of differential equations
777,no solution
778,differential equation second order linear wronskian
779,simplifying equation
780,complex zero
781,vector velocity
782,argument
783,or neither
784,discontinuituous
785,maturity date
786,fraction answer
787,prime factors
788,conversion
789,slope-intercept
790,maximum/minimum
791,plane equation
792,chain rule derivative
793,alternating series
794,java applet example
795,power series radius of convergence
796,riemann sums
797,vector acceleration multivariable velocity
798,exponential decay/growth
799,point of inflection
800,electrical charge
801,modulus
802,analysis of variance
803,maclaurin series
804,formulas
805,multiple
806,descriptive statistics
807,trace
808,normal
809,correlation
810,ring homomorphisms
811,function graph slope
812,accumulation function
813,trigonometry tangent derivative
814,symmetric equations for lines  in space
815,average
816,exponential growth
817,spherical cylindrical triple integral double integral
818,time plot
819,separation of variables
820,vector field graph 2d
821,laws
822,slope
823,surface area
824,vectors span
825,inconsistent
826,double integrals
827,"""lhospitals rule"""
828,slope field
829,pivots
830,differential equation
831,dice
832,volume of solids of revolution
833,parametric equations
834,proportion
835,substitution method
836,curve sketching
837,vector function level curve extrema
838,inner product orthogonal angle
839,matrix operations
840,volumes of revolution
841,vector multivariable charge
842,expectation
843,curl of a vector field
844,integrals area
845,flash applets
846,subgroups
847,vector line integral work
848,dependent voltage source
849,trig function
850,varying payments
851,prime
852,true or false questions
853,bearings
854,median
855,true-false
856,polynomial degree
857,rms
858,relative
859,matrix null space vector
860,echelon form
861,surfaces
862,function graph domain range slope
863,inequalities
864,review
865,definite
866,order of elements
867,roots
868,geometric
869,local max
870,vertical
871,linear approximation
872,vector multivariable
873,binomial coefficient
874,rational functions
875,binomial random variable
876,dot product orthogonal
877,multivariable
878,exlusive
879,tangent slope
880,intermediate value theorem
881,leading term
882,region
883,reference angles
884,vector gradient multivariable
885,empirical rule
886,allowing primes in student answers
887,equation with absolute sign
888,embedding
889,credit card
890,greatest common factor
891,decimals
892,trig substitution
893,minima
894,vector linear transformation one to one onto
895,differential equation first order matrices eigenvalue
896,series sequences convergent divergent
897,series taylor
898,derivative partial
899,period
900,sampling
901,ambiguous case
902,decile
903,tangent differentiation vector
904,vector set span
905,binomial distribution
906,mensa
907,stretch
908,skew
909,cosine
910,damping
911,single loop circuit
912,direction
913,terminal point
914,arcsin
915,group axioms
916,polar form
917,inverse functions
918,polynomial graph function
919,trigonometric substitution
920,number theory
921,absolute maximum minimum
922,domain vector function
923,alpha values
924,solve for variable extreme value intercepts
925,macluarin series taylor polynomial
926,book value
927,derivative log
928,linear transformation matrix
929,metric
930,local maxima and minima
931,inversely proportional
932,finite population
933,inclusion exclusion
934,binary
935,hookes law position underdampening
936,linear models
937,computer algebra systems
938,partial estimate value function
939,shifts
940,vector limit
941,events
942,exponential model
943,directrix
944,leaky bucket
945,linear relations
946,maximization minimization derivatives optimization
947,solving system of equations
948,increasing and decreasing functions
949,rectangular coordinates
950,linear operator
951,total change from rate of change
952,answer is an ordered list
953,ideal transformer
954,solve
955,components
956,coordinate
957,real roots
958,higher derivative
959,ring axioms
960,areas and distances
961,differentiation
962,quadratic form
963,speed
964,matrix sum vector
965,triple integrals
966,derivatives antiderivatives
967,polar curve area
968,transition matrix
969,rational zero
970,true/false
971,samples
972,mass application
973,inverse trigonometric function
974,polynomial behavior
975,comparing population mean
976,rules
977,domain and range
978,vector acceleration multivariable velocity curvature
979,graphical and numerical methods
980,homogeneous differential equation
981,cramers rule
982,inflation
983,polynomial operation
984,mod
985,answer up to multiplication
986,isosceles
987,velocities
988,trig substitutions
989,lightning
990,differential equation match
991,integrals
992,partial fraction
993,output
994,relative frequency
995,slope tangent line
996,vector integral multivariable flux
997,reduced fraction
998,tangent plane normal vector
999,conditional
1000,limit point
1001,octant
1002,matching
1003,extreme value
1004,linear modeling
1005,matrix null space perpendicular subspace
1006,\inftyinity
1007,harmonic oscillator
1008,margin of error
1009,conservative
1010,critical
1011,decomposition
1012,random variable
1013,integral double integral surface area
1014,power
1015,seconds
1016,compounded quarterly
1017,scalar product
1018,derivative matrix jacobians
1019,ratios
1020,multiple regression
1021,matrix inverse row space
1022,piecewise
1023,factored polynomial
1024,derivative trig function
1025,compounded semiannually
1026,bond
1027,matrix augmented echelon
1028,inclusion
1029,coupon
1030,image
1031,funcitons
1032,laplace operator
1033,local minimum or maximum
1034,nonhomogeneous linear systems
1035,vector integral
1036,solving inequalities
1037,chain rule partial derivative
1038,center of mass
1039,log
1040,area
1041,integral summation area riemann
1042,natural log
1043,power equations
1044,cartesian
1045,slopes
1046,solution sets linear equations system
1047,long-run behavior
1048,greens theorem
1049,washers
1050,chinese remainder theorem
1051,nonlinear inequality
1052,mesh analysis
1053,elimination
1054,impedance
1055,pressure integral
1056,card
1057,derivative extrema optimization critical point
1058,reciprocal functions
1059,algorithm
1060,partial derivative differentiation
1061,multiplicity
1062,bucket
1063,op amp
1064,newtons method
1065,algebraic fractions
1066,taylor
1067,differential equation application circuit
1068,derivative newton root
1069,inflection points
1070,general
1071,enter letters or words
1072,integral double integral surface integral flux
1073,accumulation point
1074,difference of squares
1075,relative extrema
1076,polynomial functions
1077,field
1078,half-angle
1079,deviation
1080,polar
1081,power series convergence
1082,vertex
1083,recurrence relation
1084,bounded
1085,derivative newton
1086,revolve
1087,semicircle
1088,cpi
1089,transformtions
1090,matrix equation combination
1091,curve
1092,operations of functions
1093,hypotenuse
1094,mass
1095,normal gradient vector
1096,accumulated amount
1097,trigonometric
1098,graph shading
1099,scalar
1100,vector divergence
1101,the cross product
1102,time weighted rate of return
1103,proof by contradiction
1104,expressions
1105,disk
1106,vector multivariable work
1107,higher order
1108,effective and nominal rates
1109,implicit derivative
1110,trigonometric identities
1111,direction field
1112,combining functions
1113,norm
1114,translations
1115,resistance
1116,group action
1117,difference
1118,graph transformations
1119,algebraic  functions
1120,mathematical models
1121,maclaurin series taylor polynomial
1122,cosin
1123,transformation of functions
1124,decimal expansion
1125,matrix product
1126,derivative product quotient
1127,decartes rule of signs
1128,fence
1129,function table of values
1130,exact value
1131,rate
1132,maximum angle
1133,inner product orthogonal projection subspace
1134,order of operations
1135,transformations of functions
1136,loan duration
1137,nonlinear
1138,inverse trigonometry
1139,frequency domain
1140,quadratic algebra completing the square
1141,nand
1142,independent samples
1143,inferences
1144,series taylor polynomial
1145,conjugacy classes
1146,left and right endpoint approximations
1147,fast powering
1148,norman window
1149,indefinite integrals
1150,modular
1151,cylindrical
1152,capacitor
1153,directions
1154,equations
1155,probability model
1156,answer blank in the exponent
1157,graph polar curve
1158,periodic
1159,permutation
1160,quadratic algebra extreme value theorem
1161,similar triangles
1162,quotient
1163,water pressure
1164,group homomorphisms
1165,comparison tests
1166,representation of a function as a power series
1167,marginal
1168,exponential function
1169,pythagorean
1170,second order
1171,financial mathematics
1172,construct a polynomial
1173,multiple integral
1174,average cost
1175,real zero
1176,rational powers
1177,multivariable gradient
1178,right triangle
1179,thevenins theorem
1180,critical value
1181,product-to-sum
1182,generalized combinations
1183,area between curvers
1184,five number summary
1185,one-sided
1186,vector multivariable curvature
1187,parallelepiped
1188,double integral extrema
1189,trapezoidal rule
1190,absolute value inequalities
1191,product of groups
1192,voltage divider
1193,simplify exponents
1194,equation
1195,integral double integral surface flux
1196,coset representatives
1197,ratio test
1198,angle intersection plane
1199,derivative inverse trig
1200,tabular
1201,sphere
1202,parallel lines
1203,minimum
1204,nortons theorem
1205,simple
1206,recursive
1207,coordinate function
1208,kcl
1209,polar equation
1210,algebra
1211,mapping
1212,plane
1213,double integral order
1214,horizontal
1215,partial differentiation
1216,vector double integral multivariable flux
1217,"quadratic functions"""
1218,completing the square
1219,fractional equations
1220,stokes theorem
1221,onto
1222,perfect square trinomial
1223,integral polar area length
1224,conic sections
1225,integral iterated multivariable
1226,45-45-90
1227,double factorial
1228,paraboloid
1229,slope differentiation rates of change
1230,oblique
1231,point-slope form
1232,pseudorandom
1233,paper
1234,formula answer
1235,existence
1236,addition and subtraction formulas
1237,area between curves
1238,matrix determinant invertible
1239,decreasing payments
1240,sample mean
1241,p-value
1242,decimal degrees
1243,solving
1244,conjugation
1245,probability binomial
1246,systems
1247,second-order partial derivatives
1248,radical
1249,null space
1250,vector linear transformation onto
1251,matrix null space column space
1252,vector line integral
1253,answer is any solution to an equation
1254,vector integral multivariable surface area
1255,curl divergence
1256,decimal
1257,dihedral groups
1258,conic
1259,inequality
1260,radian
1261,derivaitve
1262,definition of limit
1263,newtons law of cooling
1264,repeating
1265,derivative extrema optimization maximum
1266,algebraic expressions
1267,polya forumla
1268,transform
1269,energy
1270,splitting fields
1271,reduce
1272,exact answer
1273,partial fractions
1274,operation
1275,multivariable differential calculus
1276,theorem of pappus
1277,ftc
1278,future value
1279,evaluation
1280,directional derivative
1281,algebra linear equations matrix matrices true false
1282,extra payment
1283,vector parametric plane
1284,monotone
1285,true or false problems
1286,lamina
1287,logarithmic function
1288,estimated expected value
1289,base
1290,infinite sum
1291,odd/even
1292,definition
1293,derivative linear approximation
1294,nodal analysis
1295,circuit
1296,work chain lifting
1297,scaling and translating functions
1298,contingency
1299,vector parametric lines
1300,linear equations
1301,volume iterated integral cavalieris principle
1302,cross product force
1303,slope fields
1304,probability
1305,matrix augmented determined variables
1306,test statistic
1307,number
1308,composition of functions
1309,piecewise defined
1310,inner product
1311,ellispe
1312,temperature
1313,introduction
1314,elimination method
1315,differentiation product rule quotient rule
1316,vector linear transformation matrix reflection rotation
1317,differential equation euler
1318,probability distributions
1319,expand
1320,geometric series
1321,integral distance length
1322,rates
1323,exponents
1324,complex numbers
1325,incompressible
1326,polynomial extreme value
1327,scatterplot
1328,translation
1329,secant lines
1330,multianswer
1331,center
1332,path integrals
1333,compound interest
1334,piecewise function
1335,function graph domain range applications
1336,area integral surface area
1337,limit involving infinity
1338,matrix determinant
1339,vectors line plane span
1340,sampling distribution
1341,discrete mathematics
1342,determinant matrix
1343,function evaluation
1344,substitution rule
1345,effective rate
1346,image matrix
1347,z score
1348,derivatives antiderivatives acceleration velocity
1349,conjugate
1350,indefinite integral substitution partial fraction
1351,exponential expression
1352,trig functions in degrees
1353,zero
1354,correlation coefficient
1355,wye
1356,jacobian
1357,boxplot
1358,growth rate
1359,standard mathematical functions
1360,phase line
1361,measures
1362,chart
1363,polynomial function
1364,parametrize surface tangent plane
1365,polya
1366,hamiltonian circuit
1367,left- and right-continuous
1368,one-to-one function
1369,vector linear transformation matrix composition
1370,operations with rational expressions
1371,linear regression
1372,velocity
1373,physics
1374,sector
1375,cdf
1376,polynomial equation
1377,type of discontinuity
1378,converge
1379,pythagorean thm
1380,introduction to hypothesis testing
1381,relation
1382,unknown interest rate
1383,dimension
1384,linear 1st order
1385,complete graph
1386,dividing
1387,inflection
1388,differential equation matching
1389,penalty
1390,##maximum
1391,generators
1392,transcendental
1393,factor
1394,circle
1395,radius of convergence
1396,points of discontinuity
1397,triangle
1398,dependent
1399,vector acceleration multivariable velocity projectile
1400,inverse trigonometric functions
1401,expect value
1402,integral work
1403,combinations
1404,null hypothesis
1405,cylindrical coordinates
1406,vector multivariable curl divergence
1407,factorization
1408,standard example
1409,contingent payments
1410,linear equations system cramer
1411,logistic
1412,withdrawal
1413,diagonalization matrices
1414,conjugate axis
1415,voltage
1416,set
1417,multivariate
1418,absolute volume minimum
1419,iteration
1420,equation implicitly defining a function
1421,gaussian distribution integral
1422,inner product orthogonal projection subspace distance
1423,mean value theorem
1424,solve for variable
1425,contour
1426,chromatic number
1427,irrotational
1428,gaussian elimination
1429,geometric sums
1430,inner product orthogonal
1431,3d
1432,focal length
1433,scatterplots
1434,algebraic expression
1435,integration by parts
1436,reimann sum
1437,polar curve
1438,fundamental theorem of calculus
1439,inertia
1440,vector addition scaling vectors
1441,newtons rate of cooling
1442,density
1443,continuous payments
1444,unknown time and logarithms
1445,polynomial quartic
1446,differential equation initial
1447,integral summation area
1448,lhopitals rule
1449,piecewise defined functions
1450,pdf
1451,fluid pressure
1452,table question
1453,shape of a graph
1454,absolute convergence
1455,pendulum
1456,point
1457,battery
1458,disjoint cyclce decompositions
1459,integrals area parametric
1460,improper
1461,probability distribution
1462,wye-delta transformation
1463,enter functions
1464,indefinite
1465,leibnitz notation
1466,perpendicular lines
1467,integral surface area
1468,extrema
1469,transformations
1470,polynomial volume word problem
1471,cylindrical triple integral
1472,quantitative data
1473,rationalize the denominator
1474,missed payment
1475,surjective
1476,increasing/decreasing functions
1477,tangents
1478,average velocity
1479,assymptotes
1480,covariance
1481,gradient vector field
1482,moment of inertia
1483,demand
1484,lower triangular
1485,fuzzy logic
1486,non-conservative vector fields
1487,synthetic division
1488,phase portraits
1489,solid
1490,function graph
1491,while
1492,optimization
1493,evaluating
1494,intercepts
1495,natural growth
1496,cylinder triple integral volume
1497,time domain
1498,differential equation second order
1499,calculator
1500,solving system of equation
1501,echelon
1502,jump discontinuity
1503,payments in geometric progression
1504,hyperbola
1505,higher order derivatives
1506,solve for variable fraction
1507,reparametrize
1508,vector function level surface curve
1509,cantor expansion
1510,function analysis
1511,translation of graphs
1512,ratio test power series radius of convergence
1513,composition
1514,higher
1515,parametrize surface level
1516,critical number
1517,systems of odes
1518,analysis
1519,double
1520,solids
1521,present and future value
1522,exponentials
1523,best fit
1524,parametric
1525,distances
1526,chord
1527,parity of permutations
1528,isolated
1529,producing data
1530,shape
1531,intervals
1532,distributive property
1533,change in variables
1534,mutual inductance
1535,center of groups
1536,triple integral mass
1537,tables
1538,cup
1539,first order
1540,anova
1541,products of groups
1542,input
1543,par value
1544,transformation
1545,euler
1546,rate of change
1547,common log
1548,graphical method
1549,rational numbers
1550,simplex method
1551,net change
1552,answer blanks in limits of integration
1553,phase shift
1554,integer
1555,rotate
1556,definition of derivative
1557,disks
1558,flux
1559,line intersection plane
1560,half angle
1561,introductory problems
1562,sketch
1563,spring
1564,coefficient of correlation
1565,parametrize surface sphere
1566,integrals trigonometry substitution
1567,flux integral
1568,missed payments
1569,pulse train
1570,integral greens area
1571,integration
1572,centroid
1573,proj
1574,interest rate
1575,polar coordinates
1576,trajectory vector
1577,run
1578,perpendicular
1579,mutually exclusive
1580,percentile
1581,introduction to estimation
1582,maximum power transfer
1583,integers
1584,function notation
1585,equation of plane
1586,derivative extrema optimization
1587,range
1588,vector function
1589,exponential equations
1590,direct variation
1591,coin toss
1592,approximate integration
1593,integrals volume
1594,integral
1595,elasticity
1596,differential equation separable
1597,periodic answer
1598,proportional
1599,conservative vector fields
1600,matrices basis linearly independent dependent
1601,paired differences
1602,statistics
1603,span
1604,instantaneous velocity
1605,local minimum
1606,integral work force
1607,direction field differential equation newton law of cooling
1608,bar graphs
1609,gauss
1610,local maximum/minimum
1611,improper integral convergent divergent comparison test
1612,delta
1613,euclidean algorithm
1614,line
1615,higher derivatives
1616,log-log scales
1617,application of linear equation
1618,cross product volume
1619,rejection
1620,circuits
1621,characteristic
1622,derivative related rates
1623,differentiable
1624,matrix determinant singular
1625,planes
1626,horner
1627,adding the heaviside function to the context
1628,similar
1629,tautology
1630,constant
1631,vector multivariable set
1632,lemniscate
1633,uniform distribution
1634,repeated combinations
1635,vertices
1636,big o
1637,associates
1638,enter numerical answers
1639,vccs
1640,curl
1641,linear equations system
1642,differential equaltion
1643,sample matching
1644,application
1645,force of interest
1646,identity matrix
1647,derivative chain rule
1648,arithmetic
1649,word problem cutting wire
1650,algebra matrix matrices
1651,population growth
1652,polynomials
1653,paired difference
1654,linearization
1655,true false sample question
1656,sides
1657,e
1658,trigonometic
1659,upper triangular
1660,other types of equations
1661,power regression
1662,y-intercepts
1663,differential equation separable initial
1664,vector parametric multivariable
1665,expected frequency
1666,continuous set
1667,zeors
1668,power series integral
1669,chebyshev
1670,partial
1671,linear transformation
1672,differential equation second order linear
1673,integral volume
1674,vector line
1675,horizontal tangent
1676,proposition
1677,differential equation direction field
1678,constrained optimization
1679,closed form
1680,webwork
1681,differentiation rates of change
1682,compose
1683,integral calculus
1684,vector parametric multivariable length
1685,factoring
1686,uniqueness
1687,"""rolles theorem"""
1688,proving trig identities
1689,net change theorem
1690,sample space
1691,polynomial operations
1692,precalculus
1693,partial derivative function
1694,antipode
1695,vector integral multivariable surface
1696,surface area minimization
1697,matrices
1698,chain rule
1699,intersection plane
1700,radian/degree conversion
1701,similar triangle
1702,matrix null space
1703,rational expression
1704,sampling distributions
1705,jump
1706,calculus with parametric curves
1707,matrix augmented free variables
1708,odd
1709,business
1710,invertible
1711,similar rectangles
1712,volume by cylindrical shells
1713,integral volume rotation
1714,trigonometric integral
1715,experiment
1716,secant
1717,integral integration by parts
1718,binomial theorem
1719,function limits intercepts
1720,differential equation higher order fourth order
1721,essay answer
1722,non-linear
1723,degree
1724,multinomial
1725,inner product vector
1726,radicals
1727,intercept
1728,slant
1729,matrix operation
1730,sine
1731,implicit
1732,extreme
1733,contradiction
1734,infinite series
1735,parametric curve
1736,density function integral
1737,geogebra applet example
1738,point estimate
1739,transcendental functions
1740,functions basis linearly independent
1741,function space
1742,function inverse graph
1743,linear functions
1744,boolean
1745,decrease
1746,estimating area
1747,summation
1748,differential surface area
1749,confidence
1750,spherical triple integral
1751,function decomposition
1752,group actions
1753,definite integral
1754,doubling
1755,y-intercept
1756,conditionally convergent
1757,small sample
1758,tangential velocity
1759,removable
1760,trail
1761,eccentricity
1762,vector multivariable surfaces curves
1763,trigonometric functions
1764,potential
1765,annuity due
1766,algebraic functions
1767,animals
1768,horizontal line test
1769,absolute minimum
1770,function maximum
1771,freedom
1772,arithmetic series
1773,averages
1774,direction field differential equation
1775,proof
1776,yield rates
1777,continuity
1778,lagrange theorem
1779,proportions
1780,sequence converge diverge
1781,critical points minimum maximum multivariable
1782,determinant characteristic polynomial eigenvalues
1783,integrating factor
1784,continuous growth rate
1785,contour plot
1786,tangent lines
1787,half angle identity
1788,even function
1789,minimal polynomials
1790,derivatives antiderivativesheight acceleration velocity
1791,bases basis matrix linearly independent
1792,saving account
1793,interval notation
1794,indeterminant
1795,inner product orthogonal projection subspace parametric
1796,gcd
1797,force work
1798,negation
1799,lamp
1800,integral greens
1801,forest
1802,absolutely convergent
1803,hypothesis testing
1804,sin
1805,derivatives limits rates of change
1806,tension
1807,boundary-value problem
1808,dc
1809,multiplication
1810,marginal cost
1811,composite functions
1812,ambiguous
1813,lines
1814,exponential decay
1815,central limit
1816,initial value differential equation
1817,vector equation
1818,integral vector function
1819,bipartite
1820,bins
1821,ackermann
1822,sigmoid
1823,double-time
1824,electric charge application
1825,exclusion
1826,sum formulas
1827,decay
1828,ln
1829,vector projection
1830,orthogonal factorization
1831,estimating
1832,degrees
1833,derivative
1834,least common denominator
1835,halflife
1836,parabola
1837,factorial
1838,bernoulli
1839,lhospital
1840,subtraction
1841,rotation
1842,exponential regression
1843,basic limit laws
1844,radians
1845,initial velocity
1846,surface integrals
1847,mode
1848,simple interest rate
1849,vertical lines
1850,monomials
1851,linear approximations
1852,wye-delta
1853,trigonometric function
1854,subset
1855,column space
1856,hypothesis tests
1857,trigonometric integrals
1858,vector double integral multivariable stokes
1859,vector double integral multivariable surface area
1860,bijective
1861,frequency
1862,vector velocity unit tangent
1863,function composition
1864,nilpotent elements
1865,odd function
1866,matrix
1867,descartes rule
1868,"""trigonometry"
1869,derivatives antiderivatives trigonometry
1870,discount rate
1871,polynomials basis linearly independent
1872,implicit function
1873,discontinuity
1874,two sample
1875,nonlinear equations
1876,central limit theorem
1877,gradiant
1878,geometry
1879,length
1880,hookes law position dampening
1881,integral polar match
1882,hexadecimal
1883,rantional equations
1884,indeterminant form
1885,differential equation higher order third
1886,isbn
1887,reflexive
1888,inverse variation
1889,linear velocity
1890,approximation graphs
1891,rotate curve
1892,parametric surfaces
1893,chi squared
1894,property 8
1895,linear system
1896,hydrostatic force
1897,rational equation
1898,helicoid
1899,hyperbolic
1900,ordering
1901,tangents and areas
1902,common core
1903,system
1904,natural base
1905,derivative implicit tangent line
1906,laplace transform
1907,rate of change directional derivative
1908,commutativity
1909,strategy for testing series
1910,perpetuities
1911,linear combination
1912,rsa
1913,polar volume
1914,nsf-0941388
1915,linear growth
1916,integral substitution
1917,continuous exponential growth
1918,laws of logarithms
1919,linear algebra
1920,gradient vector fields
1921,partial sum power series radius of convergence
1922,dot product inner product work
1923,continuous growth
1924,fermats little theorem
1925,probability dist
1926,set difference
1927,amplitude
1928,hydrostatic pressure
1929,power series
1930,zero-divisors
1931,bases basis matrix
1932,eigenvalues eigenvectors
1933,false
1934,differential equation solution
1935,t distribution
1936,differential equation higher order
1937,curves
1938,kepler
1939,chi-square
1940,binormal
1941,long division
1942,acceleration
1943,angle
1944,quartile
1945,taylor polynomials
1946,probability density function
1947,vector line integral gradient
1948,equation of value
1949,triple integral cylindrical
1950,vector linear transformation image
1951,one to one
1952,calculus
1953,cosets
1954,taylor polynomial
1955,word problems
1956,lagrange multipliers
1957,cosecant
1958,parametric equation
1959,derivatives limits
1960,derivative trig function tangent line
1961,curve arc length
1962,subjective
1963,scalar projection
1964,coordinate geometry
1965,quotient fields
1966,graphs
1967,slope tangent
1968,parametric surface
1969,integral test
1970,comparison test
1971,critical point
1972,homogeneous differential equation boundary
1973,dependant
1974,inductor
1975,celsius/farenheit
1976,vectors basis span linearly independent dependent
1977,subtracting
1978,q1
1979,q2
1980,systems of equations
1981,conics
1982,nominal rate
1983,terminal
1984,eulers method
1985,local
1986,absolute max
1987,axis of symmetry
1988,series integral test
1989,polynomial division
1990,joint
1991,pressure force integral
1992,natural decay
1993,secant line
1994,volume cylindrical
1995,polar curve length
1996,double integral iterated integral
1997,areas
1998,multiple choice
1999,determinant matrix linearly independent
2000,determinants
2001,differential
2002,vector level curve line integral
2003,differentiation product rule
2004,simpsons rule
2005,x-intercepts
2006,nautical
2007,separable differential equations
2008,differential equation application logistic
2009,annual interest rate
2010,conversions
2011,multiplying
2012,substitution trig substitution trigonometric substitution
2013,transpositions
2014,differentials
2015,linear expressions
2016,solving exponential equations
2017,finiteness
2018,multipart
2019,equations with symbols
2020,absolute maximum
2021,midline
2022,wire
2023,span basis vectors
2024,supply and demandlinear equations
2025,diverge
2026,solution nontrivial
2027,closed
2028,quartiles
2029,algebra matrix matrices true false
2030,boundary
2031,integration tables
2032,complement
2033,two populations
2034,cartesian product
2035,second-order
2036,transpose
2037,efficiency
2038,hypothesis
2039,distribution
2040,limits
2041,integral polar area
2042,field extensions
2043,equal
2044,level set
2045,cross product
2046,gram-schmidt
2047,area of a triangle
2048,estimation
2049,vector line integral multivariable work
2050,vector velocity parametric tangent
2051,tangent plane
2052,ac
2053,quadrilateral
2054,three dimensions
2055,eigenvalues eigenvectors differential equations
2056,sequences
2057,solving equations
2058,table
2059,arithmetic sequence
2060,distance formula
2061,vector fields
2062,addition
2063,trajectory
2064,implicit functions
2065,literal
2066,average value
2067,expected value
2068,break-even
2069,independent sampling
2070,determinant
2071,bin packing
2072,exponential graphs
2073,squeeze theorem
2074,subspace
2075,quadratic algebra
2076,fraction functions
2077,angles
2078,quadratic algebra area
2079,laser
2080,exponential equation
2081,linear equation review
2082,derivative limit tangent
2083,value
2084,rectangular
2085,vertical asymptotes
2086,depreciation
2087,trigonometric graphs
2088,kernel
2089,demo
2090,antiderivative
2091,surface
2092,function operations
2093,present value
2094,cartesian equation
2095,regression
2096,average power
2097,hookes law position
2098,vector linear transformation one to one
2099,sqrt
2100,parts
2101,linear function
2102,units
2103,path independence
2104,finite
2105,ordinal
2106,phi
2107,infinity
2108,cubic
2109,quadratic equation
2110,row space
2111,infinite
2112,end behavior
2113,identity
2114,cylinder limit volume
2115,reflection
2116,greatest common divisor
2117,contingency tables
2118,residuals
2119,concave upward
2120,sets
2121,binary search
2122,real numbers
2123,inverse trig functions
2124,one proportion
2125,spherical
2126,normal sampling distributions
2127,iterated integral
2128,moments
2129,symmetric equation
2130,parabolas
2131,three factors
2132,inner product orthogonal projection distance
2133,direction fields
2134,sequence converge diverge limit
2135,integrals as solutions
2136,supply
2137,lattice
2138,mixing problems
2139,conditional probability
2140,basic counting
2141,vector equations
2142,angle measure
2143,intersection
2144,logistic equation
2145,qualitative
2146,regression equation
2147,partial function
2148,replacement
2149,centralizers
2150,sequence
2151,properties of integrals
2152,cyclic groups
2153,ideals
2154,growth
2155,numerical answers
2156,convex
2157,slope-intercept form
2158,identity function
2159,double integral
2160,sketching
2161,instantaneous
2162,‘arc length’
2163,magnitude
2164,triple integral average
2165,mixing ratios
2166,biology
2167,double-angle
2168,expansion
2169,interval
2170,pressure
2171,"""derivative"""
2172,imaginary
2173,loans
2174,t score
2175,injective
2176,quotients
2177,triple integral volume
2178,saddle
2179,universe
2180,dependence
2181,stem and leaf
2182,polar curve conics
2183,transitive
2184,ferris wheel
2185,homogeneous
2186,linear inequality
2187,surface integral
2188,vector multivariable area
2189,problem solving
2190,compounded interest
2191,differential equation application exponential growth
2192,newton law of cooling
2193,quadratic algebra quadratic regression program
2194,vector double integral multivariable surface stokes
2195,disjunction
2196,payment amount
2197,spiral
2198,horizontal asymptotes
2199,population proportion
2200,vector curve
2201,feasible region
2202,quadratic
2203,antiderivatives
2204,linear programming
2205,artificial intelligence
2206,function
2207,critical point maximum minimum saddle point
2208,least common denominators
2209,histogram
2210,volume
2211,decimal to fraction
2212,minimum triangle multivariable surface area
2213,convergence
2214,squeeze
2215,count
2216,annuities
2217,vector calculus
2218,exponential functions
2219,piecwise
2220,dms
2221,limit
2222,iterated
2223,mean value
2224,minutes
2225,the law of sines
2226,algebra linear equations
2227,vector multivariable greens
2228,matrix equation
2229,measure
2230,linearity
2231,while loop
2232,shell method
2233,derivative chain rule tangent line
2234,identities
2235,functions
2236,homogeneous differential equation initial value
2237,rolles theorem
2238,percent
2239,arctan
2240,ellipses
2241,repeat
2242,variation
2243,polynomial arithmetic
2244,vectors basis span
2245,row operation
2246,derivatives rates of change
2247,decay population
2248,indeterminant forms
2249,vector double integral multivariable
2250,quadratic equations
2251,critical values
2252,profit
2253,volumes
2254,separable differential equation
2255,simpson
2256,augmented
